{
	"Metadata":
	{
		"Name": "Once Again Ahead Of Yourself",
		"Author": "Original: BLU=, Hiroki02 & firemariofan1",
		"UniqueID": "oaaoy",
		"Description": "An (unofficial) continuation of the One Step Ahead Of Yourself mod, which is applied as a patch *over* OSAOY. Check the URL for the original description.",
	    "URL": "Replaces Egg Froster with a boss battle with Mirror Monster from the ''Undertale: Bits & Pieces Mod'' and adds an ability called SHIELD that is *permanently* unlocked after defeating it.",
		"ModVersion": "1.0",
		"GameVersion": "22.09.10.0"
	},
	"Settings":
	{
		"List":
		[
			{
				"InternalName": "MirrorShield",
				"DisplayName": "Player SHIELD",
				"Variable": "Mirror.Shield",
				"Category": "Gameplay",
				"DefaultValue": "1",
				"Options":
				{
					"0": "Disabled",
					"1": "Enabled"
				}
			},
			{
				"InternalName": "BetterShield",
				"DisplayName": "Boss-like Player SHIELD",
				"Variable": "Mirror.Player.BossShield",
				"Category": "Gameplay",
				"DefaultValue": "0",
				"Options":
				{
					"0": "Disabled",
					"1": "Enabled"
				}
			},
			{
				"InternalName": "MHighCont",
				"DisplayName": "Always High Contrast",
				"Variable": "Mirror.HighCont",
				"Category": "Visual",
				"DefaultValue": "0",
				"Options":
				{
					"0": "Disabled",
					"1": "Enabled"
				}
			},
			{
				"InternalName": "MShowSP",
				"DisplayName": "Show Shield Progress",
				"Variable": "Mirror.ShowSP",
				"Category": "Visual",
				"DefaultValue": "1",
				"Options":
				{
					"0": "Disabled",
					"1": "Enabled"
				}
			},
			{
				"InternalName": "MirrorMusic",
				"DisplayName": "Mirror Battle Theme",
				"Variable": "Mirror.Music",
				"Category": "Music",
				"DefaultValue": "0",
				"Options":
				{
					"0": "One Step Ahead Of Yourself (Remix)",
					"1": "One Step Ahead Of Yourself",
					"2": "One Step Ahead Of Yourself (Old)",
					"3": "It's Still You",
					"4": "MegaLOVAnia",
					"5": "Menu Option"
				}
			},
			{
				"InternalName": "MirrorMusicStop",
				"DisplayName": "Music in Phase 3",
				"Variable": "Mirror.MusicStop",
				"Category": "Music",
				"DefaultValue": "0",
				"Options":
				{
					"0": "Disabled",
					"1": "Enabled"
				}
			},
			{
				"InternalName": "KnuxMirrorFight",
				"DisplayName": "Mirror Fight for Knuckles",
				"Variable": "Knux.MirrorFight",
				"Category": "Tweaks",
				"DefaultValue": "0",
				"Options":
				{
					"0": "Disabled",
					"1": "Enabled"
				}
			},
			{
				"InternalName": "MirrorRingPhysics",
				"DisplayName": "Ring Physics During M. Boss",
				"Variable": "Mirror.RingPhysics",
				"Category": "Tweaks",
				"DefaultValue": "1",
				"Options":
				{
					"0": "3AIR",
					"1": "Origins"
				}
			},
		]
	}
}