{
	//gotta have a transition state between idling and swimming
	"knux_swim_transition":  { "File": "knux_swimsheet.bmp", "Rect": "1,1,44,34", "Center": "22,17" },
	//the swimming idle
	"knux_swimidle_1":  { "File": "knux_swimsheet.bmp", "Rect": "47,1,34,41", "Center": "16,20" },
	"knux_swimidle_2":  { "File": "knux_swimsheet.bmp", "Rect": "82,1,35,41", "Center": "16,20" },
	"knux_swimidle_3":  { "File": "knux_swimsheet.bmp", "Rect": "118,1,34,41", "Center": "16,20" },
	"knux_swimidle_4":  { "File": "knux_swimsheet.bmp", "Rect": "153,1,34,41", "Center": "16,20" },
	//gotta swim somehow
	"knux_swimmove_1":  { "File": "knux_swimsheet.bmp", "Rect": "188,1,48,27", "Center": "23,14" },
	"knux_swimmove_2":  { "File": "knux_swimsheet.bmp", "Rect": "237,1,48,27", "Center": "23,14" },
	"knux_swimmove_3":  { "File": "knux_swimsheet.bmp", "Rect": "286,1,48,27", "Center": "23,14" },
	"knux_swimmove_4":  { "File": "knux_swimsheet.bmp", "Rect": "335,1,48,27", "Center": "23,14" },
	"knux_swimmove_5":  { "File": "knux_swimsheet.bmp", "Rect": "384,1,48,27", "Center": "23,14" },
	"knux_swimmove_6":  { "File": "knux_swimsheet.bmp", "Rect": "188,29,48,27", "Center": "23,14" },
	"knux_swimmove_7":  { "File": "knux_swimsheet.bmp", "Rect": "237,29,48,27", "Center": "23,14" },
	"knux_swimmove_8":  { "File": "knux_swimsheet.bmp", "Rect": "286,29,48,27", "Center": "23,14" },
	"knux_swimmove_9":  { "File": "knux_swimsheet.bmp", "Rect": "335,29,48,27", "Center": "23,14" },
	"knux_swimmove_a":  { "File": "knux_swimsheet.bmp", "Rect": "384,29,48,27", "Center": "23,14" },
}