{
	"Metadata": {
		"Name": "You?",
		"UniqueID": "oaaoy-indicators",
		"Author": "c0des1ayer",
		"Description": "Or is it...?",
		"ModVersion": "0.0.2"
	},
	"OtherMods": {
		"Bossbar": {
			"DisplayName": "Bossbar",
			"IsRequired": "0",
			"Priority": "Lower"
		},
		"oaaoy": {
			"DisplayName": "Once Again Ahead Of Yourself",
			"IsRequired": "1",
			"Priority": "Lower"
		}
	},
	"Settings":
	{
		"List":
		[
			{
				"InternalName": "DrawHealth",
				"DisplayName": "Display Mirror Health",
				"Variable": "showHealth",
				"DefaultValue": "0",
				"Options":
				{
					"0": "Off",
					"1": "On"
				}
			},
			{
				"InternalName": "DrawPhases",
				"DisplayName": "Display Current Phase",
				"Variable": "showPhase",
				"DefaultValue": "1",
				"Options":
				{
					"0": "Off",
					"1": "On"
				}
			}
		]
	}
}