{
	"unknown0": { "File": "One_Step_Ahedge_Of_Yourself.ogg", "Type": "Music", "LoopStart": "769904"},
	"unknown1": { "File": "One_Step_Ahead_Of_Yourself.ogg", "Type": "Music", "LoopStart": "769904"},
	"unknown2": { "File": "One_Step_Ahead_Of_Yourself_Old.ogg", "Type": "Music", "LoopStart": "372854"},
	"unknown3": { "File": "Its_Still_You.ogg", "Type": "Music", "LoopStart": "1058506"},
	"unknown4": { "File": "MegaLOVAnia.ogg", "Type": "Music", "LoopStart": "6418871"},

	"enemypoaching1": { "File": "EnemyPoaching.ogg", "Type": "Music"},

	"snd_noise": { "File": "snd_noise.ogg", "Type": "Sound"},
	"snd_instanoise": { "File": "snd_instanoise.ogg", "Type": "Sound"},
	"snd_mtt_burst": { "File": "snd_mtt_burst.ogg", "Type": "Sound"},
	"snd_glassbreak": { "File": "snd_glassbreak.ogg", "Type": "Sound"},
	"snd_b": { "File": "snd_b.ogg", "Type": "Sound"},

	"snd_fightbar": { "File": "snd_fightbar.ogg", "Type": "Sound"},
	"snd_critical": { "File": "snd_critical.ogg", "Type": "Sound"},
	"snd_knife": { "File": "snd_knife.ogg", "Type": "Sound"},
	"snd_damage": { "File": "snd_damage.ogg", "Type": "Sound"},
	"snd_punchweak": { "File": "snd_punchweak.ogg", "Type": "Sound"},
	"snd_punchstrong": { "File": "snd_punchstrong.ogg", "Type": "Sound"},
	"snd_bookspin": { "File": "snd_bookspin.ogg", "Type": "Sound"},
	"snd_pan": { "File": "snd_pan.ogg", "Type": "Sound"},

	"mm_amyhammer": { "File": "amyhammer.ogg", "Type": "Sound"},
	"mm_amyhammercharge": { "File": "amyhammercharge.ogg", "Type": "Sound"},
}